filename,label
audio_128.wav,3.6216
audio_156.wav,4.1403
audio_19.wav,3.9005
audio_108.wav,2.8194
audio_206.wav,3.009
audio_161.wav,2.5616
audio_215.wav,2.6988
audio_213.wav,2.5748
audio_11.wav,3.7414
audio_155.wav,3.2597
audio_39.wav,3.6433
audio_168.wav,3.5989
audio_133.wav,2.7632
audio_28.wav,2.7692
audio_40.wav,3.68
audio_181.wav,2.5266
audio_201.wav,2.8068
audio_182.wav,2.6195
audio_126.wav,3.1621
audio_10.wav,2.6407
audio_134.wav,2.0442
audio_69.wav,3.3979
audio_112.wav,3.1993
audio_180.wav,2.9135
audio_177.wav,3.3188
audio_77.wav,4.2131
audio_111.wav,3.2684
audio_18.wav,3.2723
audio_175.wav,3.3972
audio_33.wav,3.9511
audio_15.wav,2.7348
audio_4.wav,3.9872
audio_27.wav,2.96
audio_96.wav,2.5209
audio_116.wav,3.0604
audio_1.wav,3.0352
audio_22.wav,3.7966
audio_114.wav,3.0764
audio_146.wav,2.7311
audio_46.wav,4.659
audio_144.wav,3.5104
audio_75.wav,3.6386
audio_200.wav,2.8697
audio_196.wav,2.6773
audio_190.wav,3.4406
audio_158.wav,2.5031
audio_17.wav,2.5142
audio_105.wav,3.1063
audio_141.wav,2.8656
audio_129.wav,4.2156
audio_6.wav,4.1349
audio_70.wav,4.4267
audio_35.wav,3.486
audio_203.wav,2.3754
audio_90.wav,4.2068
audio_16.wav,2.8313
audio_138.wav,3.0705
audio_100.wav,3.0043
audio_115.wav,2.4425
audio_118.wav,3.4803
audio_137.wav,3.3202
audio_101.wav,3.3455
audio_193.wav,2.9418
audio_102.wav,3.421
audio_52.wav,3.3229
audio_172.wav,3.1167
audio_191.wav,2.5729
audio_194.wav,3.4218
audio_67.wav,2.6823
audio_160.wav,3.2217
audio_179.wav,2.5629
audio_55.wav,3.1385
audio_145.wav,3.0726
audio_197.wav,2.4382
audio_139.wav,2.9478
audio_91.wav,3.5621
audio_8.wav,2.6707
audio_136.wav,3.4017
audio_199.wav,2.729
audio_110.wav,3.478
audio_208.wav,3.0223
audio_152.wav,3.6765
audio_94.wav,4.1357
audio_174.wav,2.9646
audio_23.wav,3.4143
audio_56.wav,3.2794
audio_97.wav,2.6312
audio_148.wav,2.6337
audio_59.wav,3.0397
audio_5.wav,2.8488
audio_119.wav,3.0789
audio_80.wav,4.1874
audio_58.wav,3.386
audio_123.wav,3.0309
audio_188.wav,3.0595
audio_121.wav,2.8463
audio_107.wav,2.9407
audio_214.wav,2.9312
audio_73.wav,3.9757
audio_169.wav,3.3261
audio_7.wav,2.8291
audio_42.wav,2.9669
audio_88.wav,3.4264
audio_64.wav,2.6722
audio_195.wav,3.2896
audio_57.wav,3.2738
audio_13.wav,2.8723
audio_125.wav,3.1068
audio_209.wav,2.7618
audio_211.wav,3.2978
audio_63.wav,3.1734
audio_86.wav,4.4832
audio_78.wav,4.3216
audio_38.wav,3.6633
audio_186.wav,3.1392
audio_154.wav,3.4271
audio_21.wav,2.4095
audio_120.wav,2.7155
audio_183.wav,2.878
audio_25.wav,3.1423
audio_122.wav,2.8901
audio_36.wav,4.0146
audio_76.wav,4.4718
audio_163.wav,2.039
audio_83.wav,3.925
audio_103.wav,2.9631
audio_93.wav,3.0341
audio_26.wav,3.3592
audio_72.wav,4.487
audio_210.wav,3.2931
audio_104.wav,2.454
audio_81.wav,4.0873
audio_166.wav,3.3178
audio_202.wav,2.4925
audio_185.wav,2.4153
audio_9.wav,2.8391
audio_207.wav,3.3274
audio_127.wav,3.205
audio_12.wav,4.1029
audio_132.wav,2.7358
audio_109.wav,2.5902
audio_32.wav,4.3639
audio_178.wav,3.8498
audio_61.wav,3.1092
audio_34.wav,3.7446
audio_106.wav,2.4328
audio_49.wav,4.331
audio_149.wav,3.1462
audio_30.wav,3.6131
audio_131.wav,3.1222
audio_162.wav,2.812
audio_204.wav,4.0574
audio_198.wav,3.2239
audio_135.wav,2.838
audio_187.wav,3.027
audio_3.wav,3.4928
audio_98.wav,3.6877
audio_159.wav,3.7794
audio_167.wav,3.3337
audio_205.wav,3.1434
audio_95.wav,2.9199
audio_68.wav,3.1801
audio_31.wav,3.9231
audio_157.wav,3.8309
audio_89.wav,3.7601
audio_82.wav,3.5623
audio_53.wav,3.4678
audio_37.wav,4.1663
audio_113.wav,2.8939
audio_85.wav,4.855
audio_173.wav,3.8761
audio_41.wav,4.2318
audio_51.wav,3.3398
audio_143.wav,3.4459
audio_92.wav,3.3908
audio_74.wav,4.1335
audio_0.wav,2.9139
audio_147.wav,3.5252
audio_130.wav,2.6164
audio_192.wav,2.6432
audio_43.wav,4.4316
audio_65.wav,2.7434
audio_14.wav,3.3381
audio_117.wav,3.1697
audio_212.wav,3.1285
audio_79.wav,3.9617
audio_171.wav,2.5082
audio_60.wav,2.9381
audio_153.wav,3.7472
audio_176.wav,4.1138
audio_2.wav,2.8693
audio_50.wav,4.3483
audio_29.wav,3.2376
audio_142.wav,3.0962
audio_47.wav,2.9054
audio_84.wav,4.1373
audio_164.wav,3.1729
audio_48.wav,4.0254
audio_189.wav,3.1059
audio_151.wav,3.6387
audio_66.wav,1.8327
audio_44.wav,2.9091
audio_150.wav,3.4533
audio_87.wav,3.9965
audio_99.wav,2.831
audio_62.wav,3.2945
audio_20.wav,2.7044
audio_124.wav,2.9097
audio_54.wav,3.1922
audio_45.wav,4.448
audio_71.wav,4.321
audio_184.wav,3.07
audio_24.wav,2.026
audio_140.wav,3.8208
audio_165.wav,3.0002
audio_170.wav,2.7443
