filename,samplerate,channels,duration,frames,format,subtype
audio_192.wav,16000,1,60.508375,968134,WAV,PCM_16
audio_436.wav,16000,1,60.0746875,961195,WAV,PCM_16
audio_447.wav,16000,1,60.0746875,961195,WAV,PCM_16
audio_126.wav,16000,1,45.06,720960,WAV,PCM_16
audio_61.wav,16000,1,45.3,724800,WAV,PCM_16
audio_639.wav,16000,1,60.0746875,961195,WAV,PCM_16
audio_703.wav,16000,1,52.16,834560,WAV,PCM_16
audio_509.wav,16000,1,60.0746875,961195,WAV,PCM_16
audio_672.wav,16000,1,60.0746875,961195,WAV,PCM_16
audio_344.wav,16000,1,60.0746875,961195,WAV,PCM_16
audio_592.wav,16000,1,60.0746875,961195,WAV,PCM_16
audio_705.wav,16000,1,60.0746875,961195,WAV,PCM_16
audio_497.wav,16000,1,60.0746875,961195,WAV,PCM_16
audio_702.wav,16000,1,60.0746875,961195,WAV,PCM_16
audio_598.wav,16000,1,60.0746875,961195,WAV,PCM_16
audio_99.wav,16000,1,45.06,720960,WAV,PCM_16
audio_194.wav,16000,1,26.53875,424620,WAV,PCM_16
audio_5055.wav,16000,1,60.08,961280,WAV,PCM_16
audio_178.wav,16000,1,60.0746875,961195,WAV,PCM_16
audio_609.wav,16000,1,45.9733125,735573,WAV,PCM_16
audio_77.wav,16000,1,39.96,639360,WAV,PCM_16
audio_18.wav,16000,1,45.012,720192,WAV,PCM_16
audio_9.wav,16000,1,45.06,720960,WAV,PCM_16
audio_138.wav,16000,1,42.96,687360,WAV,PCM_16
audio_269.wav,16000,1,60.08,961280,WAV,PCM_16
audio_717.wav,16000,1,60.0746875,961195,WAV,PCM_16
audio_529.wav,16000,1,60.0746875,961195,WAV,PCM_16
audio_578.wav,16000,1,60.0746875,961195,WAV,PCM_16
audio_171.wav,16000,1,60.08,961280,WAV,PCM_16
audio_596.wav,16000,1,60.0746875,961195,WAV,PCM_16
audio_5066.wav,16000,1,60.0746875,961195,WAV,PCM_16
audio_501.wav,16000,1,60.0746875,961195,WAV,PCM_16
audio_8.wav,16000,1,45.06,720960,WAV,PCM_16
audio_84.wav,16000,1,45.06,720960,WAV,PCM_16
audio_11.wav,16000,1,42.66,682560,WAV,PCM_16
audio_142.wav,16000,1,60.08,961280,WAV,PCM_16
audio_610.wav,16000,1,46.08,737280,WAV,PCM_16
audio_654.wav,16000,1,60.0746875,961195,WAV,PCM_16
audio_170.wav,16000,1,60.08,961280,WAV,PCM_16
audio_255.wav,16000,1,60.08,961280,WAV,PCM_16
audio_162.wav,16000,1,60.08,961280,WAV,PCM_16
audio_5069.wav,16000,1,60.0746875,961195,WAV,PCM_16
audio_769.wav,16000,1,60.0746875,961195,WAV,PCM_16
audio_720.wav,16000,1,60.0106875,960171,WAV,PCM_16
audio_623.wav,16000,1,60.0746875,961195,WAV,PCM_16
audio_718.wav,16000,1,60.0746875,961195,WAV,PCM_16
audio_136.wav,16000,1,45.06,720960,WAV,PCM_16
audio_119.wav,16000,1,45.06,720960,WAV,PCM_16
audio_542.wav,16000,1,60.0746875,961195,WAV,PCM_16
audio_5073.wav,16000,1,60.0746875,961195,WAV,PCM_16
audio_322.wav,16000,1,60.0746875,961195,WAV,PCM_16
audio_5039.wav,16000,1,60.0746875,961195,WAV,PCM_16
audio_707.wav,16000,1,60.0746875,961195,WAV,PCM_16
audio_148.wav,16000,1,60.08,961280,WAV,PCM_16
audio_316.wav,16000,1,60.0746875,961195,WAV,PCM_16
audio_647.wav,16000,1,60.0746875,961195,WAV,PCM_16
audio_286.wav,16000,1,60.0746875,961195,WAV,PCM_16
audio_92.wav,16000,1,41.4,662400,WAV,PCM_16
audio_462.wav,16000,1,60.0746875,961195,WAV,PCM_16
audio_376.wav,16000,1,45.8453125,733525,WAV,PCM_16
audio_76.wav,16000,1,45.06,720960,WAV,PCM_16
audio_105.wav,16000,1,45.06,720960,WAV,PCM_16
audio_355.wav,16000,1,60.2026875,963243,WAV,PCM_16
audio_663.wav,16000,1,60.0746875,961195,WAV,PCM_16
audio_767.wav,16000,1,60.0746875,961195,WAV,PCM_16
audio_655.wav,16000,1,60.0746875,961195,WAV,PCM_16
audio_372.wav,16000,1,60.0106875,960171,WAV,PCM_16
audio_667.wav,16000,1,60.0746875,961195,WAV,PCM_16
audio_517.wav,16000,1,60.0746875,961195,WAV,PCM_16
audio_765.wav,16000,1,60.167,962672,WAV,PCM_16
audio_38.wav,16000,1,45.06,720960,WAV,PCM_16
audio_371.wav,16000,1,60.0746875,961195,WAV,PCM_16
audio_507.wav,16000,1,60.0746875,961195,WAV,PCM_16
audio_5056.wav,16000,1,60.08,961280,WAV,PCM_16
audio_282.wav,16000,1,60.0746875,961195,WAV,PCM_16
audio_459.wav,16000,1,60.0746875,961195,WAV,PCM_16
audio_303.wav,16000,1,60.0746875,961195,WAV,PCM_16
audio_297.wav,16000,1,43.7546875,700075,WAV,PCM_16
audio_432.wav,16000,1,60.0746875,961195,WAV,PCM_16
audio_454.wav,16000,1,60.0746875,961195,WAV,PCM_16
audio_482.wav,16000,1,60.0746875,961195,WAV,PCM_16
audio_484.wav,16000,1,54.2506875,868011,WAV,PCM_16
audio_757.wav,16000,1,60.0746875,961195,WAV,PCM_16
audio_773.wav,16000,1,60.0746875,961195,WAV,PCM_16
audio_668.wav,16000,1,60.0746875,961195,WAV,PCM_16
audio_240.wav,16000,1,60.08,961280,WAV,PCM_16
audio_163.wav,16000,1,60.0746875,961195,WAV,PCM_16
audio_659.wav,16000,1,60.0746875,961195,WAV,PCM_16
audio_532.wav,16000,1,60.0746875,961195,WAV,PCM_16
audio_464.wav,16000,1,60.0746875,961195,WAV,PCM_16
audio_5.wav,16000,1,45.06,720960,WAV,PCM_16
audio_231.wav,16000,1,60.02,960320,WAV,PCM_16
audio_384.wav,16000,1,60.0106875,960171,WAV,PCM_16
audio_54.wav,16000,1,36.42,582720,WAV,PCM_16
audio_656.wav,16000,1,60.0746875,961195,WAV,PCM_16
audio_444.wav,16000,1,60.0746875,961195,WAV,PCM_16
audio_5062.wav,16000,1,61.0346875,976555,WAV,PCM_16
audio_312.wav,16000,1,60.0746875,961195,WAV,PCM_16
audio_120.wav,16000,1,45.0,720000,WAV,PCM_16
audio_446.wav,16000,1,50.7093125,811349,WAV,PCM_16
audio_546.wav,16000,1,60.0746875,961195,WAV,PCM_16
audio_430.wav,16000,1,60.0746875,961195,WAV,PCM_16
audio_179.wav,16000,1,60.0746875,961195,WAV,PCM_16
audio_674.wav,16000,1,60.0746875,961195,WAV,PCM_16
audio_737.wav,16000,1,60.0746875,961195,WAV,PCM_16
audio_669.wav,16000,1,60.0746875,961195,WAV,PCM_16
audio_540.wav,16000,1,60.0746875,961195,WAV,PCM_16
audio_692.wav,16000,1,44.7786875,716459,WAV,PCM_16
audio_572.wav,16000,1,54.848,877568,WAV,PCM_16
audio_479.wav,16000,1,60.615,969840,WAV,PCM_16
audio_419.wav,16000,1,60.7003125,971205,WAV,PCM_16
audio_5037.wav,16000,1,45.06,720960,WAV,PCM_16
audio_433.wav,16000,1,60.0746875,961195,WAV,PCM_16
audio_405.wav,16000,1,60.0746875,961195,WAV,PCM_16
audio_267.wav,16000,1,60.08,961280,WAV,PCM_16
audio_358.wav,16000,1,60.0746875,961195,WAV,PCM_16
audio_331.wav,16000,1,60.0106875,960171,WAV,PCM_16
audio_487.wav,16000,1,60.0746875,961195,WAV,PCM_16
audio_494.wav,16000,1,60.0746875,961195,WAV,PCM_16
audio_536.wav,16000,1,54.1866875,866987,WAV,PCM_16
audio_634.wav,16000,1,60.0746875,961195,WAV,PCM_16
audio_317.wav,16000,1,60.0746875,961195,WAV,PCM_16
audio_5054.wav,16000,1,58.6666875,938667,WAV,PCM_16
audio_723.wav,16000,1,60.0746875,961195,WAV,PCM_16
audio_155.wav,16000,1,60.08,961280,WAV,PCM_16
audio_410.wav,16000,1,46.208,739328,WAV,PCM_16
audio_251.wav,16000,1,20.06,320960,WAV,PCM_16
audio_779.wav,16000,1,60.0746875,961195,WAV,PCM_16
audio_382.wav,16000,1,60.0746875,961195,WAV,PCM_16
audio_559.wav,16000,1,60.0746875,961195,WAV,PCM_16
audio_161.wav,16000,1,60.08,961280,WAV,PCM_16
audio_535.wav,16000,1,60.0746875,961195,WAV,PCM_16
audio_363.wav,16000,1,44.1173125,705877,WAV,PCM_16
audio_5057.wav,16000,1,60.0746875,961195,WAV,PCM_16
audio_660.wav,16000,1,60.0746875,961195,WAV,PCM_16
audio_293.wav,16000,1,60.0746875,961195,WAV,PCM_16
audio_74.wav,16000,1,45.06,720960,WAV,PCM_16
audio_215.wav,16000,1,60.07475,961196,WAV,PCM_16
audio_228.wav,16000,1,60.231,963696,WAV,PCM_16
audio_602.wav,16000,1,60.0106875,960171,WAV,PCM_16
audio_396.wav,16000,1,60.0746875,961195,WAV,PCM_16
audio_576.wav,16000,1,60.0746875,961195,WAV,PCM_16
audio_5040.wav,16000,1,60.0746875,961195,WAV,PCM_16
audio_198.wav,16000,1,60.01075,960172,WAV,PCM_16
audio_600.wav,16000,1,60.0746875,961195,WAV,PCM_16
audio_710.wav,16000,1,60.0746875,961195,WAV,PCM_16
audio_246.wav,16000,1,60.08,961280,WAV,PCM_16
audio_490.wav,16000,1,60.0746875,961195,WAV,PCM_16
audio_657.wav,16000,1,60.0746875,961195,WAV,PCM_16
audio_688.wav,16000,1,61.0346875,976555,WAV,PCM_16
audio_698.wav,16000,1,60.0746875,961195,WAV,PCM_16
audio_499.wav,16000,1,60.0746875,961195,WAV,PCM_16
audio_463.wav,16000,1,60.0746875,961195,WAV,PCM_16
audio_604.wav,16000,1,60.0746875,961195,WAV,PCM_16
audio_97.wav,16000,1,45.06,720960,WAV,PCM_16
audio_234.wav,16000,1,60.08,961280,WAV,PCM_16
audio_782.wav,16000,1,60.7003125,971205,WAV,PCM_16
audio_758.wav,16000,1,55.6373125,890197,WAV,PCM_16
audio_727.wav,16000,1,60.0746875,961195,WAV,PCM_16
audio_643.wav,16000,1,60.0746875,961195,WAV,PCM_16
audio_261.wav,16000,1,60.02,960320,WAV,PCM_16
audio_205.wav,16000,1,60.07475,961196,WAV,PCM_16
audio_128.wav,16000,1,45.06,720960,WAV,PCM_16
audio_650.wav,16000,1,61.0346875,976555,WAV,PCM_16
audio_35.wav,16000,1,45.06,720960,WAV,PCM_16
audio_141.wav,16000,1,60.08,961280,WAV,PCM_16
audio_260.wav,16000,1,60.08,961280,WAV,PCM_16
audio_722.wav,16000,1,60.0106875,960171,WAV,PCM_16
audio_5047.wav,16000,1,58.624,937984,WAV,PCM_16
audio_324.wav,16000,1,60.0746875,961195,WAV,PCM_16
audio_279.wav,16000,1,60.0746875,961195,WAV,PCM_16
audio_450.wav,16000,1,49.6213125,793941,WAV,PCM_16
audio_32.wav,16000,1,43.14,690240,WAV,PCM_16
audio_254.wav,16000,1,60.08,961280,WAV,PCM_16
audio_544.wav,16000,1,60.0746875,961195,WAV,PCM_16
audio_176.wav,16000,1,60.02,960320,WAV,PCM_16
audio_301.wav,16000,1,60.0746875,961195,WAV,PCM_16
audio_213.wav,16000,1,60.07475,961196,WAV,PCM_16
audio_295.wav,16000,1,60.0746875,961195,WAV,PCM_16
audio_40.wav,16000,1,45.06,720960,WAV,PCM_16
audio_496.wav,16000,1,60.0746875,961195,WAV,PCM_16
audio_45.wav,16000,1,38.88,622080,WAV,PCM_16
audio_146.wav,16000,1,60.08,961280,WAV,PCM_16
audio_415.wav,16000,1,43.9893125,703829,WAV,PCM_16
audio_595.wav,16000,1,60.0746875,961195,WAV,PCM_16
audio_783.wav,16000,1,60.0106875,960171,WAV,PCM_16
audio_673.wav,16000,1,60.0746875,961195,WAV,PCM_16
audio_48.wav,16000,1,45.06,720960,WAV,PCM_16
audio_777.wav,16000,1,60.0746875,961195,WAV,PCM_16
audio_330.wav,16000,1,60.1813125,962901,WAV,PCM_16
audio_200.wav,16000,1,60.07475,961196,WAV,PCM_16
audio_259.wav,16000,1,60.08,961280,WAV,PCM_16
audio_721.wav,16000,1,60.0746875,961195,WAV,PCM_16
audio_223.wav,16000,1,57.96275,927404,WAV,PCM_16
audio_175.wav,16000,1,60.08,961280,WAV,PCM_16
audio_400.wav,16000,1,34.3253125,549205,WAV,PCM_16
audio_506.wav,16000,1,60.0746875,961195,WAV,PCM_16
audio_153.wav,16000,1,60.0746875,961195,WAV,PCM_16
audio_5050.wav,16000,1,60.0746875,961195,WAV,PCM_16
audio_281.wav,16000,1,60.0746875,961195,WAV,PCM_16
audio_543.wav,16000,1,60.0746875,961195,WAV,PCM_16
audio_445.wav,16000,1,60.0746875,961195,WAV,PCM_16
audio_124.wav,16000,1,45.0,720000,WAV,PCM_16
audio_249.wav,16000,1,20.84,333440,WAV,PCM_16
audio_420.wav,16000,1,60.0746875,961195,WAV,PCM_16
audio_203.wav,16000,1,60.07475,961196,WAV,PCM_16
audio_278.wav,16000,1,40.8746875,653995,WAV,PCM_16
audio_516.wav,16000,1,60.0746875,961195,WAV,PCM_16
audio_326.wav,16000,1,25.344,405504,WAV,PCM_16
audio_603.wav,16000,1,60.0746875,961195,WAV,PCM_16
audio_199.wav,16000,1,60.07475,961196,WAV,PCM_16
audio_406.wav,16000,1,55.6373125,890197,WAV,PCM_16
audio_538.wav,16000,1,60.0746875,961195,WAV,PCM_16
audio_631.wav,16000,1,54.3786875,870059,WAV,PCM_16
audio_5061.wav,16000,1,60.0746875,961195,WAV,PCM_16
audio_196.wav,16000,1,26.47475,423596,WAV,PCM_16
audio_756.wav,16000,1,60.0746875,961195,WAV,PCM_16
audio_649.wav,16000,1,61.0346875,976555,WAV,PCM_16
audio_27.wav,16000,1,45.0,720000,WAV,PCM_16
audio_681.wav,16000,1,60.0746875,961195,WAV,PCM_16
audio_556.wav,16000,1,60.0746875,961195,WAV,PCM_16
audio_185.wav,16000,1,60.07475,961196,WAV,PCM_16
audio_369.wav,16000,1,60.0106875,960171,WAV,PCM_16
audio_241.wav,16000,1,60.08,961280,WAV,PCM_16
audio_98.wav,16000,1,45.06,720960,WAV,PCM_16
audio_389.wav,16000,1,60.0746875,961195,WAV,PCM_16
audio_357.wav,16000,1,60.0746875,961195,WAV,PCM_16
audio_112.wav,16000,1,45.06,720960,WAV,PCM_16
audio_675.wav,16000,1,60.0746875,961195,WAV,PCM_16
audio_113.wav,16000,1,45.06,720960,WAV,PCM_16
audio_483.wav,16000,1,60.0746875,961195,WAV,PCM_16
audio_474.wav,16000,1,60.0746875,961195,WAV,PCM_16
audio_725.wav,16000,1,58.9226875,942763,WAV,PCM_16
audio_774.wav,16000,1,60.0746875,961195,WAV,PCM_16
audio_588.wav,16000,1,60.0746875,961195,WAV,PCM_16
audio_395.wav,16000,1,60.0746875,961195,WAV,PCM_16
audio_210.wav,16000,1,60.07475,961196,WAV,PCM_16
audio_309.wav,16000,1,61.0346875,976555,WAV,PCM_16
audio_457.wav,16000,1,60.0746875,961195,WAV,PCM_16
audio_492.wav,16000,1,60.0746875,961195,WAV,PCM_16
audio_738.wav,16000,1,61.0346875,976555,WAV,PCM_16
audio_305.wav,16000,1,60.0746875,961195,WAV,PCM_16
audio_123.wav,16000,1,45.06,720960,WAV,PCM_16
audio_5053.wav,16000,1,60.08,961280,WAV,PCM_16
audio_89.wav,16000,1,42.54,680640,WAV,PCM_16
audio_747.wav,16000,1,60.0746875,961195,WAV,PCM_16
audio_115.wav,16000,1,45.06,720960,WAV,PCM_16
audio_235.wav,16000,1,60.04,960640,WAV,PCM_16
audio_414.wav,16000,1,60.0746875,961195,WAV,PCM_16
audio_56.wav,16000,1,45.06,720960,WAV,PCM_16
audio_43.wav,16000,1,45.12,721920,WAV,PCM_16
audio_394.wav,16000,1,60.0746875,961195,WAV,PCM_16
audio_423.wav,16000,1,60.0746875,961195,WAV,PCM_16
audio_579.wav,16000,1,60.0106875,960171,WAV,PCM_16
audio_172.wav,16000,1,60.0746875,961195,WAV,PCM_16
audio_144.wav,16000,1,60.08,961280,WAV,PCM_16
audio_151.wav,16000,1,59.9466875,959147,WAV,PCM_16
audio_65.wav,16000,1,60.06,960960,WAV,PCM_16
audio_481.wav,16000,1,60.6576875,970523,WAV,PCM_16
audio_262.wav,16000,1,60.08,961280,WAV,PCM_16
audio_229.wav,16000,1,46.57075,745132,WAV,PCM_16
audio_22.wav,16000,1,45.06,720960,WAV,PCM_16
audio_434.wav,16000,1,60.0746875,961195,WAV,PCM_16
audio_488.wav,16000,1,60.0746875,961195,WAV,PCM_16
audio_439.wav,16000,1,60.0746875,961195,WAV,PCM_16
audio_160.wav,16000,1,60.08,961280,WAV,PCM_16
audio_594.wav,16000,1,60.0746875,961195,WAV,PCM_16
audio_651.wav,16000,1,61.0346875,976555,WAV,PCM_16
audio_569.wav,16000,1,60.0746875,961195,WAV,PCM_16
audio_440.wav,16000,1,60.0746875,961195,WAV,PCM_16
audio_658.wav,16000,1,60.0746875,961195,WAV,PCM_16
audio_274.wav,16000,1,39.0613125,624981,WAV,PCM_16
audio_5065.wav,16000,1,60.0746875,961195,WAV,PCM_16
audio_158.wav,16000,1,60.08,961280,WAV,PCM_16
audio_493.wav,16000,1,60.0746875,961195,WAV,PCM_16
audio_646.wav,16000,1,60.0746875,961195,WAV,PCM_16
audio_64.wav,16000,1,60.06,960960,WAV,PCM_16
audio_451.wav,16000,1,59.584,953344,WAV,PCM_16
audio_277.wav,16000,1,60.0746875,961195,WAV,PCM_16
audio_491.wav,16000,1,60.0746875,961195,WAV,PCM_16
audio_52.wav,16000,1,45.06,720960,WAV,PCM_16
audio_743.wav,16000,1,24.128,386048,WAV,PCM_16
audio_243.wav,16000,1,60.08,961280,WAV,PCM_16
audio_661.wav,16000,1,60.0746875,961195,WAV,PCM_16
audio_456.wav,16000,1,60.0746875,961195,WAV,PCM_16
audio_90.wav,16000,1,39.3,628800,WAV,PCM_16
audio_735.wav,16000,1,60.0746875,961195,WAV,PCM_16
audio_775.wav,16000,1,60.0746875,961195,WAV,PCM_16
audio_587.wav,16000,1,60.0746875,961195,WAV,PCM_16
audio_103.wav,16000,1,45.06,720960,WAV,PCM_16
audio_111.wav,16000,1,44.64,714240,WAV,PCM_16
audio_421.wav,16000,1,60.0746875,961195,WAV,PCM_16
audio_683.wav,16000,1,60.0746875,961195,WAV,PCM_16
audio_152.wav,16000,1,60.0746875,961195,WAV,PCM_16
audio_134.wav,16000,1,45.0,720000,WAV,PCM_16
audio_12.wav,16000,1,45.06,720960,WAV,PCM_16
audio_232.wav,16000,1,60.03,960480,WAV,PCM_16
audio_36.wav,16000,1,45.06,720960,WAV,PCM_16
audio_268.wav,16000,1,60.08,961280,WAV,PCM_16
audio_68.wav,16000,1,59.16,946560,WAV,PCM_16
audio_729.wav,16000,1,60.0746875,961195,WAV,PCM_16
audio_247.wav,16000,1,51.56,824960,WAV,PCM_16
audio_224.wav,16000,1,52.096,833536,WAV,PCM_16
audio_425.wav,16000,1,60.0746875,961195,WAV,PCM_16
audio_392.wav,16000,1,60.1386875,962219,WAV,PCM_16
audio_615.wav,16000,1,60.0746875,961195,WAV,PCM_16
audio_245.wav,16000,1,60.08,961280,WAV,PCM_16
audio_271.wav,16000,1,60.08,961280,WAV,PCM_16
audio_321.wav,16000,1,60.0746875,961195,WAV,PCM_16
audio_5043.wav,16000,1,60.0746875,961195,WAV,PCM_16
audio_187.wav,16000,1,60.07475,961196,WAV,PCM_16
audio_221.wav,16000,1,60.07475,961196,WAV,PCM_16
audio_219.wav,16000,1,60.07475,961196,WAV,PCM_16
audio_601.wav,16000,1,60.0746875,961195,WAV,PCM_16
audio_100.wav,16000,1,45.06,720960,WAV,PCM_16
audio_227.wav,16000,1,55.27475,884396,WAV,PCM_16
audio_411.wav,16000,1,60.0746875,961195,WAV,PCM_16
audio_28.wav,16000,1,44.0946875,705515,WAV,PCM_16
audio_653.wav,16000,1,60.0746875,961195,WAV,PCM_16
audio_29.wav,16000,1,45.06,720960,WAV,PCM_16
audio_470.wav,16000,1,60.0746875,961195,WAV,PCM_16
audio_356.wav,16000,1,59.1146875,945835,WAV,PCM_16
audio_365.wav,16000,1,60.0746875,961195,WAV,PCM_16
audio_58.wav,16000,1,45.06,720960,WAV,PCM_16
audio_708.wav,16000,1,60.0746875,961195,WAV,PCM_16
audio_319.wav,16000,1,60.0746875,961195,WAV,PCM_16
audio_5067.wav,16000,1,44.9266875,718827,WAV,PCM_16
audio_135.wav,16000,1,45.06,720960,WAV,PCM_16
audio_612.wav,16000,1,52.7573125,844117,WAV,PCM_16
audio_373.wav,16000,1,60.0106875,960171,WAV,PCM_16
audio_680.wav,16000,1,60.0746875,961195,WAV,PCM_16
audio_63.wav,16000,1,45.012,720192,WAV,PCM_16
audio_700.wav,16000,1,60.0746875,961195,WAV,PCM_16
audio_429.wav,16000,1,60.0746875,961195,WAV,PCM_16
audio_745.wav,16000,1,61.0346875,976555,WAV,PCM_16
audio_731.wav,16000,1,60.0106875,960171,WAV,PCM_16
audio_461.wav,16000,1,60.0746875,961195,WAV,PCM_16
audio_79.wav,16000,1,45.06,720960,WAV,PCM_16
audio_5038.wav,16000,1,60.0746875,961195,WAV,PCM_16
audio_760.wav,16000,1,60.0746875,961195,WAV,PCM_16
audio_72.wav,16000,1,45.06,720960,WAV,PCM_16
audio_696.wav,16000,1,60.0746875,961195,WAV,PCM_16
audio_744.wav,16000,1,44.6506875,714411,WAV,PCM_16
audio_662.wav,16000,1,60.0746875,961195,WAV,PCM_16
audio_570.wav,16000,1,60.0746875,961195,WAV,PCM_16
audio_10.wav,16000,1,36.12,577920,WAV,PCM_16
audio_628.wav,16000,1,60.0746875,961195,WAV,PCM_16
audio_606.wav,16000,1,60.0746875,961195,WAV,PCM_16
audio_73.wav,16000,1,45.06,720960,WAV,PCM_16
audio_605.wav,16000,1,60.0746875,961195,WAV,PCM_16
audio_106.wav,16000,1,45.06,720960,WAV,PCM_16
audio_306.wav,16000,1,60.0106875,960171,WAV,PCM_16
audio_75.wav,16000,1,45.06,720960,WAV,PCM_16
audio_550.wav,16000,1,60.0746875,961195,WAV,PCM_16
audio_340.wav,16000,1,60.0746875,961195,WAV,PCM_16
audio_272.wav,16000,1,46.336,741376,WAV,PCM_16
audio_518.wav,16000,1,60.0746875,961195,WAV,PCM_16
audio_34.wav,16000,1,43.74,699840,WAV,PCM_16
audio_87.wav,16000,1,45.0,720000,WAV,PCM_16
audio_211.wav,16000,1,61.03475,976556,WAV,PCM_16
audio_431.wav,16000,1,60.0746875,961195,WAV,PCM_16
audio_555.wav,16000,1,60.0746875,961195,WAV,PCM_16
audio_648.wav,16000,1,60.0746875,961195,WAV,PCM_16
audio_5051.wav,16000,1,60.0746875,961195,WAV,PCM_16
audio_422.wav,16000,1,60.0746875,961195,WAV,PCM_16
audio_627.wav,16000,1,60.0746875,961195,WAV,PCM_16
audio_122.wav,16000,1,45.0,720000,WAV,PCM_16
audio_88.wav,16000,1,45.06,720960,WAV,PCM_16
audio_165.wav,16000,1,60.0746875,961195,WAV,PCM_16
audio_276.wav,16000,1,60.0746875,961195,WAV,PCM_16
audio_746.wav,16000,1,61.0346875,976555,WAV,PCM_16
audio_252.wav,16000,1,60.08,961280,WAV,PCM_16
audio_266.wav,16000,1,60.08,961280,WAV,PCM_16
audio_611.wav,16000,1,60.0106875,960171,WAV,PCM_16
audio_5058.wav,16000,1,60.0746875,961195,WAV,PCM_16
audio_81.wav,16000,1,45.0,720000,WAV,PCM_16
audio_3.wav,16000,1,44.88,718080,WAV,PCM_16
audio_21.wav,16000,1,45.06,720960,WAV,PCM_16
audio_190.wav,16000,1,60.551,968816,WAV,PCM_16
audio_189.wav,16000,1,60.02,960320,WAV,PCM_16
audio_519.wav,16000,1,60.0746875,961195,WAV,PCM_16
audio_748.wav,16000,1,60.0746875,961195,WAV,PCM_16
audio_505.wav,16000,1,60.0746875,961195,WAV,PCM_16
audio_361.wav,16000,1,60.0746875,961195,WAV,PCM_16
audio_5052.wav,16000,1,60.0746875,961195,WAV,PCM_16
audio_16.wav,16000,1,44.28,708480,WAV,PCM_16
audio_327.wav,16000,1,60.0746875,961195,WAV,PCM_16
audio_313.wav,16000,1,60.0746875,961195,WAV,PCM_16
audio_589.wav,16000,1,60.0746875,961195,WAV,PCM_16
audio_416.wav,16000,1,60.0746875,961195,WAV,PCM_16
audio_762.wav,16000,1,60.167,962672,WAV,PCM_16
audio_714.wav,16000,1,60.0746875,961195,WAV,PCM_16
audio_455.wav,16000,1,60.0746875,961195,WAV,PCM_16
audio_42.wav,16000,1,38.46,615360,WAV,PCM_16
audio_561.wav,16000,1,60.0746875,961195,WAV,PCM_16
audio_226.wav,16000,1,60.188375,963014,WAV,PCM_16
audio_110.wav,16000,1,45.06,720960,WAV,PCM_16
audio_739.wav,16000,1,61.0346875,976555,WAV,PCM_16
audio_504.wav,16000,1,60.0746875,961195,WAV,PCM_16
audio_379.wav,16000,1,60.0746875,961195,WAV,PCM_16
audio_520.wav,16000,1,60.0746875,961195,WAV,PCM_16
audio_5068.wav,16000,1,60.0746875,961195,WAV,PCM_16
audio_30.wav,16000,1,44.64,714240,WAV,PCM_16
audio_5041.wav,16000,1,60.08,961280,WAV,PCM_16
audio_485.wav,16000,1,60.0746875,961195,WAV,PCM_16
audio_475.wav,16000,1,61.0346875,976555,WAV,PCM_16
audio_145.wav,16000,1,60.08,961280,WAV,PCM_16
audio_308.wav,16000,1,60.0746875,961195,WAV,PCM_16
audio_184.wav,16000,1,60.07475,961196,WAV,PCM_16
audio_586.wav,16000,1,60.0746875,961195,WAV,PCM_16
audio_398.wav,16000,1,60.0746875,961195,WAV,PCM_16
audio_726.wav,16000,1,58.3893125,934229,WAV,PCM_16
audio_466.wav,16000,1,60.0746875,961195,WAV,PCM_16
audio_218.wav,16000,1,60.07475,961196,WAV,PCM_16
audio_644.wav,16000,1,58.2613125,932181,WAV,PCM_16
audio_351.wav,16000,1,60.224,963584,WAV,PCM_16
audio_248.wav,16000,1,36.32,581120,WAV,PCM_16
audio_83.wav,16000,1,45.06,720960,WAV,PCM_16
audio_71.wav,16000,1,45.06,720960,WAV,PCM_16
audio_287.wav,16000,1,60.0746875,961195,WAV,PCM_16
audio_367.wav,16000,1,60.224,963584,WAV,PCM_16
audio_166.wav,16000,1,60.0746875,961195,WAV,PCM_16
audio_94.wav,16000,1,45.06,720960,WAV,PCM_16
audio_108.wav,16000,1,45.06,720960,WAV,PCM_16
audio_511.wav,16000,1,60.0746875,961195,WAV,PCM_16
audio_5059.wav,16000,1,60.0106875,960171,WAV,PCM_16
audio_310.wav,16000,1,44.224,707584,WAV,PCM_16
audio_50.wav,16000,1,45.12,721920,WAV,PCM_16
audio_6.wav,16000,1,45.06,720960,WAV,PCM_16
audio_515.wav,16000,1,60.0746875,961195,WAV,PCM_16
audio_742.wav,16000,1,50.048,800768,WAV,PCM_16
audio_545.wav,16000,1,60.0746875,961195,WAV,PCM_16
audio_489.wav,16000,1,60.0746875,961195,WAV,PCM_16
audio_697.wav,16000,1,60.0746875,961195,WAV,PCM_16
audio_225.wav,16000,1,60.167,962672,WAV,PCM_16
audio_553.wav,16000,1,60.0746875,961195,WAV,PCM_16
audio_237.wav,16000,1,53.2,851200,WAV,PCM_16
audio_197.wav,16000,1,60.07475,961196,WAV,PCM_16
audio_449.wav,16000,1,60.0746875,961195,WAV,PCM_16
audio_567.wav,16000,1,60.0746875,961195,WAV,PCM_16
audio_477.wav,16000,1,60.0746875,961195,WAV,PCM_16
audio_728.wav,16000,1,45.4826875,727723,WAV,PCM_16
audio_377.wav,16000,1,59.2213125,947541,WAV,PCM_16
audio_633.wav,16000,1,60.0746875,961195,WAV,PCM_16
audio_690.wav,16000,1,45.8453125,733525,WAV,PCM_16
audio_525.wav,16000,1,60.0746875,961195,WAV,PCM_16
audio_31.wav,16000,1,43.62,697920,WAV,PCM_16
audio_676.wav,16000,1,60.0746875,961195,WAV,PCM_16
audio_263.wav,16000,1,60.02,960320,WAV,PCM_16
audio_5070.wav,16000,1,60.0746875,961195,WAV,PCM_16
audio_510.wav,16000,1,60.0746875,961195,WAV,PCM_16
audio_577.wav,16000,1,60.0746875,961195,WAV,PCM_16
audio_230.wav,16000,1,55.573375,889174,WAV,PCM_16
audio_314.wav,16000,1,60.0746875,961195,WAV,PCM_16
audio_641.wav,16000,1,60.0106875,960171,WAV,PCM_16
audio_689.wav,16000,1,51.4986875,823979,WAV,PCM_16
audio_352.wav,16000,1,60.0746875,961195,WAV,PCM_16
audio_193.wav,16000,1,23.65875,378540,WAV,PCM_16
audio_5049.wav,16000,1,60.0746875,961195,WAV,PCM_16
audio_300.wav,16000,1,60.0746875,961195,WAV,PCM_16
audio_581.wav,16000,1,60.0746875,961195,WAV,PCM_16
audio_164.wav,16000,1,60.0746875,961195,WAV,PCM_16
audio_502.wav,16000,1,60.0746875,961195,WAV,PCM_16
audio_380.wav,16000,1,58.6666875,938667,WAV,PCM_16
audio_15.wav,16000,1,43.32,693120,WAV,PCM_16
audio_238.wav,16000,1,27.62,441920,WAV,PCM_16
audio_53.wav,16000,1,39.42,630720,WAV,PCM_16
audio_283.wav,16000,1,27.7973125,444757,WAV,PCM_16
audio_614.wav,16000,1,60.0746875,961195,WAV,PCM_16
audio_121.wav,16000,1,45.06,720960,WAV,PCM_16
audio_216.wav,16000,1,60.07475,961196,WAV,PCM_16
audio_552.wav,16000,1,60.0746875,961195,WAV,PCM_16
audio_514.wav,16000,1,60.0746875,961195,WAV,PCM_16
audio_593.wav,16000,1,60.0746875,961195,WAV,PCM_16
audio_565.wav,16000,1,60.0746875,961195,WAV,PCM_16
audio_140.wav,16000,1,60.08,961280,WAV,PCM_16
audio_117.wav,16000,1,45.06,720960,WAV,PCM_16
audio_495.wav,16000,1,60.0746875,961195,WAV,PCM_16
audio_652.wav,16000,1,60.0746875,961195,WAV,PCM_16
audio_645.wav,16000,1,48.96,783360,WAV,PCM_16
audio_242.wav,16000,1,60.08,961280,WAV,PCM_16
audio_4.wav,16000,1,45.06,720960,WAV,PCM_16
audio_93.wav,16000,1,45.06,720960,WAV,PCM_16
audio_582.wav,16000,1,60.0746875,961195,WAV,PCM_16
audio_222.wav,16000,1,58.92275,942764,WAV,PCM_16
audio_5042.wav,16000,1,60.0746875,961195,WAV,PCM_16
audio_253.wav,16000,1,60.08,961280,WAV,PCM_16
audio_167.wav,16000,1,60.0746875,961195,WAV,PCM_16
audio_583.wav,16000,1,60.0746875,961195,WAV,PCM_16
audio_682.wav,16000,1,60.0746875,961195,WAV,PCM_16
audio_5045.wav,16000,1,60.0746875,961195,WAV,PCM_16
audio_173.wav,16000,1,60.0746875,961195,WAV,PCM_16
audio_338.wav,16000,1,60.0106875,960171,WAV,PCM_16
audio_188.wav,16000,1,60.07475,961196,WAV,PCM_16
audio_59.wav,16000,1,45.06,720960,WAV,PCM_16
audio_318.wav,16000,1,60.0746875,961195,WAV,PCM_16
audio_17.wav,16000,1,44.1,705600,WAV,PCM_16
audio_551.wav,16000,1,60.0746875,961195,WAV,PCM_16
audio_275.wav,16000,1,39.0186875,624299,WAV,PCM_16
audio_368.wav,16000,1,60.0746875,961195,WAV,PCM_16
audio_730.wav,16000,1,60.0746875,961195,WAV,PCM_16
audio_5060.wav,16000,1,60.0746875,961195,WAV,PCM_16
audio_685.wav,16000,1,60.0746875,961195,WAV,PCM_16
audio_7.wav,16000,1,45.06,720960,WAV,PCM_16
audio_204.wav,16000,1,61.03475,976556,WAV,PCM_16
audio_5064.wav,16000,1,60.0746875,961195,WAV,PCM_16
audio_127.wav,16000,1,45.06,720960,WAV,PCM_16
audio_412.wav,16000,1,33.728,539648,WAV,PCM_16
audio_132.wav,16000,1,45.06,720960,WAV,PCM_16
audio_156.wav,16000,1,60.08,961280,WAV,PCM_16
audio_426.wav,16000,1,60.0746875,961195,WAV,PCM_16
audio_709.wav,16000,1,60.0106875,960171,WAV,PCM_16
audio_291.wav,16000,1,56.4693125,903509,WAV,PCM_16
audio_523.wav,16000,1,60.0746875,961195,WAV,PCM_16
audio_632.wav,16000,1,60.0746875,961195,WAV,PCM_16
audio_684.wav,16000,1,57.792,924672,WAV,PCM_16
audio_512.wav,16000,1,60.0746875,961195,WAV,PCM_16
audio_764.wav,16000,1,60.0106875,960171,WAV,PCM_16
audio_585.wav,16000,1,60.0746875,961195,WAV,PCM_16
audio_562.wav,16000,1,61.0346875,976555,WAV,PCM_16
audio_465.wav,16000,1,60.0746875,961195,WAV,PCM_16
audio_37.wav,16000,1,45.06,720960,WAV,PCM_16
audio_47.wav,16000,1,45.12,721920,WAV,PCM_16
audio_233.wav,16000,1,60.08,961280,WAV,PCM_16
audio_621.wav,16000,1,60.0746875,961195,WAV,PCM_16
audio_590.wav,16000,1,60.0746875,961195,WAV,PCM_16
audio_349.wav,16000,1,60.0746875,961195,WAV,PCM_16
audio_387.wav,16000,1,60.0106875,960171,WAV,PCM_16
audio_630.wav,16000,1,60.0746875,961195,WAV,PCM_16
audio_5046.wav,16000,1,60.0746875,961195,WAV,PCM_16
audio_183.wav,16000,1,60.07475,961196,WAV,PCM_16
audio_607.wav,16000,1,60.0746875,961195,WAV,PCM_16
audio_133.wav,16000,1,45.0,720000,WAV,PCM_16
audio_443.wav,16000,1,60.0746875,961195,WAV,PCM_16
audio_55.wav,16000,1,45.06,720960,WAV,PCM_16
audio_686.wav,16000,1,53.888,862208,WAV,PCM_16
audio_740.wav,16000,1,60.0746875,961195,WAV,PCM_16
audio_699.wav,16000,1,60.0746875,961195,WAV,PCM_16
audio_44.wav,16000,1,45.06,720960,WAV,PCM_16
audio_500.wav,16000,1,60.0746875,961195,WAV,PCM_16
audio_265.wav,16000,1,60.08,961280,WAV,PCM_16
audio_125.wav,16000,1,45.06,720960,WAV,PCM_16
audio_413.wav,16000,1,45.9093125,734549,WAV,PCM_16
audio_256.wav,16000,1,60.08,961280,WAV,PCM_16
audio_350.wav,16000,1,60.0746875,961195,WAV,PCM_16
audio_364.wav,16000,1,60.0746875,961195,WAV,PCM_16
audio_131.wav,16000,1,44.88,718080,WAV,PCM_16
audio_168.wav,16000,1,60.0746875,961195,WAV,PCM_16
audio_557.wav,16000,1,44.0533125,704853,WAV,PCM_16
audio_670.wav,16000,1,60.0746875,961195,WAV,PCM_16
audio_342.wav,16000,1,60.0746875,961195,WAV,PCM_16
audio_2.wav,16000,1,45.0,720000,WAV,PCM_16
audio_5048.wav,16000,1,60.0746875,961195,WAV,PCM_16
audio_741.wav,16000,1,60.0746875,961195,WAV,PCM_16
audio_294.wav,16000,1,60.0746875,961195,WAV,PCM_16
audio_370.wav,16000,1,60.0746875,961195,WAV,PCM_16
audio_417.wav,16000,1,60.0746875,961195,WAV,PCM_16
audio_753.wav,16000,1,60.0746875,961195,WAV,PCM_16
audio_533.wav,16000,1,60.0746875,961195,WAV,PCM_16
audio_239.wav,16000,1,60.08,961280,WAV,PCM_16
audio_566.wav,16000,1,60.0746875,961195,WAV,PCM_16
audio_736.wav,16000,1,60.0106875,960171,WAV,PCM_16
audio_541.wav,16000,1,60.0746875,961195,WAV,PCM_16
audio_531.wav,16000,1,60.0746875,961195,WAV,PCM_16
audio_280.wav,16000,1,60.0746875,961195,WAV,PCM_16
audio_33.wav,16000,1,39.36,629760,WAV,PCM_16
audio_307.wav,16000,1,60.1386875,962219,WAV,PCM_16
audio_617.wav,16000,1,60.0746875,961195,WAV,PCM_16
audio_613.wav,16000,1,60.0746875,961195,WAV,PCM_16
audio_472.wav,16000,1,23.8933125,382293,WAV,PCM_16
audio_568.wav,16000,1,60.0746875,961195,WAV,PCM_16
audio_521.wav,16000,1,60.0746875,961195,WAV,PCM_16
audio_401.wav,16000,1,60.0746875,961195,WAV,PCM_16
audio_573.wav,16000,1,60.0746875,961195,WAV,PCM_16
audio_180.wav,16000,1,60.07475,961196,WAV,PCM_16
audio_320.wav,16000,1,38.8906875,622251,WAV,PCM_16
audio_85.wav,16000,1,45.06,720960,WAV,PCM_16
audio_296.wav,16000,1,60.0746875,961195,WAV,PCM_16
audio_250.wav,16000,1,20.12,321920,WAV,PCM_16
audio_346.wav,16000,1,60.0746875,961195,WAV,PCM_16
audio_335.wav,16000,1,60.0746875,961195,WAV,PCM_16
audio_20.wav,16000,1,43.02,688320,WAV,PCM_16
audio_5071.wav,16000,1,60.0746875,961195,WAV,PCM_16
audio_558.wav,16000,1,60.0746875,961195,WAV,PCM_16
audio_289.wav,16000,1,60.0746875,961195,WAV,PCM_16
audio_620.wav,16000,1,61.0346875,976555,WAV,PCM_16
audio_665.wav,16000,1,60.0746875,961195,WAV,PCM_16
audio_751.wav,16000,1,60.0746875,961195,WAV,PCM_16
audio_442.wav,16000,1,60.0746875,961195,WAV,PCM_16
audio_362.wav,16000,1,60.0746875,961195,WAV,PCM_16
audio_311.wav,16000,1,60.0746875,961195,WAV,PCM_16
audio_724.wav,16000,1,60.0106875,960171,WAV,PCM_16
audio_39.wav,16000,1,45.06,720960,WAV,PCM_16
audio_290.wav,16000,1,60.07475,961196,WAV,PCM_16
audio_23.wav,16000,1,45.06,720960,WAV,PCM_16
audio_624.wav,16000,1,60.0746875,961195,WAV,PCM_16
audio_206.wav,16000,1,60.07475,961196,WAV,PCM_16
audio_288.wav,16000,1,60.0746875,961195,WAV,PCM_16
audio_60.wav,16000,1,45.0,720000,WAV,PCM_16
audio_80.wav,16000,1,45.06,720960,WAV,PCM_16
audio_214.wav,16000,1,60.07475,961196,WAV,PCM_16
audio_599.wav,16000,1,60.0746875,961195,WAV,PCM_16
audio_5063.wav,16000,1,46.336,741376,WAV,PCM_16
audio_207.wav,16000,1,60.07475,961196,WAV,PCM_16
audio_438.wav,16000,1,60.0746875,961195,WAV,PCM_16
audio_332.wav,16000,1,60.0746875,961195,WAV,PCM_16
audio_159.wav,16000,1,60.08,961280,WAV,PCM_16
audio_478.wav,16000,1,60.0746875,961195,WAV,PCM_16
audio_46.wav,16000,1,45.06,720960,WAV,PCM_16
audio_130.wav,16000,1,45.06,720960,WAV,PCM_16
audio_437.wav,16000,1,60.0746875,961195,WAV,PCM_16
audio_771.wav,16000,1,60.0746875,961195,WAV,PCM_16
audio_759.wav,16000,1,60.0746875,961195,WAV,PCM_16
audio_25.wav,16000,1,45.06,720960,WAV,PCM_16
audio_191.wav,16000,1,60.423,966768,WAV,PCM_16
audio_182.wav,16000,1,40.448,647168,WAV,PCM_16
audio_236.wav,16000,1,48.7,779200,WAV,PCM_16
audio_24.wav,16000,1,45.06,720960,WAV,PCM_16
audio_428.wav,16000,1,60.0746875,961195,WAV,PCM_16
audio_678.wav,16000,1,55.2746875,884395,WAV,PCM_16
audio_591.wav,16000,1,60.0746875,961195,WAV,PCM_16
audio_597.wav,16000,1,60.0746875,961195,WAV,PCM_16
audio_580.wav,16000,1,60.0746875,961195,WAV,PCM_16
audio_19.wav,16000,1,45.06,720960,WAV,PCM_16
audio_476.wav,16000,1,60.0746875,961195,WAV,PCM_16
audio_375.wav,16000,1,60.0746875,961195,WAV,PCM_16
audio_642.wav,16000,1,60.0746875,961195,WAV,PCM_16
audio_66.wav,16000,1,59.96,959360,WAV,PCM_16
audio_186.wav,16000,1,60.07475,961196,WAV,PCM_16
audio_713.wav,16000,1,60.0746875,961195,WAV,PCM_16
audio_354.wav,16000,1,60.0746875,961195,WAV,PCM_16
audio_768.wav,16000,1,60.0746875,961195,WAV,PCM_16
audio_14.wav,16000,1,45.06,720960,WAV,PCM_16
audio_208.wav,16000,1,60.07475,961196,WAV,PCM_16
audio_418.wav,16000,1,60.615,969840,WAV,PCM_16
audio_212.wav,16000,1,60.07475,961196,WAV,PCM_16
audio_177.wav,16000,1,60.08,961280,WAV,PCM_16
audio_503.wav,16000,1,60.0746875,961195,WAV,PCM_16
audio_564.wav,16000,1,60.0746875,961195,WAV,PCM_16
audio_257.wav,16000,1,60.08,961280,WAV,PCM_16
audio_408.wav,16000,1,34.0906875,545451,WAV,PCM_16
audio_468.wav,16000,1,60.0746875,961195,WAV,PCM_16
audio_574.wav,16000,1,60.0746875,961195,WAV,PCM_16
audio_26.wav,16000,1,45.06,720960,WAV,PCM_16
audio_480.wav,16000,1,60.7003125,971205,WAV,PCM_16
audio_706.wav,16000,1,60.0746875,961195,WAV,PCM_16
audio_57.wav,16000,1,45.06,720960,WAV,PCM_16
audio_209.wav,16000,1,60.01075,960172,WAV,PCM_16
audio_712.wav,16000,1,60.0746875,961195,WAV,PCM_16
audio_353.wav,16000,1,56.0,896000,WAV,PCM_16
audio_575.wav,16000,1,60.0746875,961195,WAV,PCM_16
audio_383.wav,16000,1,60.0746875,961195,WAV,PCM_16
audio_781.wav,16000,1,60.615,969840,WAV,PCM_16
audio_118.wav,16000,1,45.06,720960,WAV,PCM_16
audio_337.wav,16000,1,60.0746875,961195,WAV,PCM_16
audio_715.wav,16000,1,60.0746875,961195,WAV,PCM_16
audio_323.wav,16000,1,60.0746875,961195,WAV,PCM_16
audio_374.wav,16000,1,60.0746875,961195,WAV,PCM_16
audio_348.wav,16000,1,57.6,921600,WAV,PCM_16
audio_547.wav,16000,1,60.0746875,961195,WAV,PCM_16
audio_41.wav,16000,1,43.8,700800,WAV,PCM_16
audio_284.wav,16000,1,60.0746875,961195,WAV,PCM_16
audio_13.wav,16000,1,45.0220625,720353,WAV,PCM_16
audio_548.wav,16000,1,60.0746875,961195,WAV,PCM_16
audio_687.wav,16000,1,61.0346875,976555,WAV,PCM_16
audio_104.wav,16000,1,45.06,720960,WAV,PCM_16
audio_181.wav,16000,1,60.07475,961196,WAV,PCM_16
audio_755.wav,16000,1,50.24,803840,WAV,PCM_16
audio_733.wav,16000,1,60.0106875,960171,WAV,PCM_16
audio_5072.wav,16000,1,60.0746875,961195,WAV,PCM_16
audio_776.wav,16000,1,60.0746875,961195,WAV,PCM_16
audio_70.wav,16000,1,60.8,972800,WAV,PCM_16
audio_49.wav,16000,1,45.66,730560,WAV,PCM_16
audio_527.wav,16000,1,60.0746875,961195,WAV,PCM_16
audio_273.wav,16000,1,60.0746875,961195,WAV,PCM_16
audio_139.wav,16000,1,60.08,961280,WAV,PCM_16
audio_467.wav,16000,1,60.0746875,961195,WAV,PCM_16
audio_407.wav,16000,1,60.0746875,961195,WAV,PCM_16
audio_404.wav,16000,1,60.0746875,961195,WAV,PCM_16
audio_534.wav,16000,1,60.0746875,961195,WAV,PCM_16
audio_96.wav,16000,1,45.06,720960,WAV,PCM_16
audio_137.wav,16000,1,45.06,720960,WAV,PCM_16
audio_150.wav,16000,1,58.624,937984,WAV,PCM_16
audio_339.wav,16000,1,60.0746875,961195,WAV,PCM_16
audio_409.wav,16000,1,59.712,955392,WAV,PCM_16
audio_78.wav,16000,1,45.06,720960,WAV,PCM_16
audio_244.wav,16000,1,60.08,961280,WAV,PCM_16
audio_752.wav,16000,1,42.9653125,687445,WAV,PCM_16
audio_508.wav,16000,1,60.0746875,961195,WAV,PCM_16
audio_664.wav,16000,1,60.0746875,961195,WAV,PCM_16
audio_701.wav,16000,1,60.0746875,961195,WAV,PCM_16
audio_5044.wav,16000,1,24.128,386048,WAV,PCM_16
audio_734.wav,16000,1,60.0746875,961195,WAV,PCM_16
audio_51.wav,16000,1,44.9266875,718827,WAV,PCM_16
audio_704.wav,16000,1,60.0746875,961195,WAV,PCM_16
audio_129.wav,16000,1,45.06,720960,WAV,PCM_16
audio_107.wav,16000,1,45.06,720960,WAV,PCM_16
audio_143.wav,16000,1,54.44,871040,WAV,PCM_16
audio_458.wav,16000,1,57.4293125,918869,WAV,PCM_16
audio_424.wav,16000,1,60.0746875,961195,WAV,PCM_16
audio_563.wav,16000,1,60.0106875,960171,WAV,PCM_16
audio_625.wav,16000,1,60.0746875,961195,WAV,PCM_16
audio_302.wav,16000,1,60.0746875,961195,WAV,PCM_16
audio_154.wav,16000,1,60.0746875,961195,WAV,PCM_16
audio_754.wav,16000,1,46.208,739328,WAV,PCM_16
audio_749.wav,16000,1,60.0746875,961195,WAV,PCM_16
audio_366.wav,16000,1,60.0746875,961195,WAV,PCM_16
audio_693.wav,16000,1,24.9173125,398677,WAV,PCM_16
audio_608.wav,16000,1,45.7813125,732501,WAV,PCM_16
audio_220.wav,16000,1,60.07475,961196,WAV,PCM_16
audio_761.wav,16000,1,60.0746875,961195,WAV,PCM_16
audio_640.wav,16000,1,60.0746875,961195,WAV,PCM_16
audio_67.wav,16000,1,60.06,960960,WAV,PCM_16
audio_299.wav,16000,1,60.0746875,961195,WAV,PCM_16
audio_102.wav,16000,1,45.06,720960,WAV,PCM_16
audio_258.wav,16000,1,60.08,961280,WAV,PCM_16
audio_679.wav,16000,1,60.0746875,961195,WAV,PCM_16
audio_82.wav,16000,1,45.06,720960,WAV,PCM_16
audio_325.wav,16000,1,57.9626875,927403,WAV,PCM_16
audio_399.wav,16000,1,60.0746875,961195,WAV,PCM_16
audio_285.wav,16000,1,22.144,354304,WAV,PCM_16
audio_784.wav,16000,1,60.615,969840,WAV,PCM_16
audio_0.wav,16000,1,45.06,720960,WAV,PCM_16
audio_435.wav,16000,1,61.0346875,976555,WAV,PCM_16
audio_91.wav,16000,1,45.06,720960,WAV,PCM_16
audio_109.wav,16000,1,45.06,720960,WAV,PCM_16
audio_772.wav,16000,1,60.0746875,961195,WAV,PCM_16
audio_270.wav,16000,1,60.08,961280,WAV,PCM_16
audio_528.wav,16000,1,60.0746875,961195,WAV,PCM_16
audio_441.wav,16000,1,60.0746875,961195,WAV,PCM_16
audio_381.wav,16000,1,60.1386875,962219,WAV,PCM_16
audio_86.wav,16000,1,45.06,720960,WAV,PCM_16
audio_101.wav,16000,1,45.06,720960,WAV,PCM_16
audio_333.wav,16000,1,60.0746875,961195,WAV,PCM_16
audio_149.wav,16000,1,59.52,952320,WAV,PCM_16
audio_719.wav,16000,1,60.0106875,960171,WAV,PCM_16
audio_638.wav,16000,1,60.0746875,961195,WAV,PCM_16
audio_147.wav,16000,1,60.08,961280,WAV,PCM_16
audio_62.wav,16000,1,43.98,703680,WAV,PCM_16
audio_763.wav,16000,1,60.167,962672,WAV,PCM_16
audio_498.wav,16000,1,60.0746875,961195,WAV,PCM_16
audio_1.wav,16000,1,45.06,720960,WAV,PCM_16
audio_304.wav,16000,1,60.0746875,961195,WAV,PCM_16
audio_347.wav,16000,1,60.0746875,961195,WAV,PCM_16
audio_560.wav,16000,1,60.0746875,961195,WAV,PCM_16
audio_452.wav,16000,1,61.0346875,976555,WAV,PCM_16
audio_716.wav,16000,1,60.0746875,961195,WAV,PCM_16
audio_473.wav,16000,1,61.0346875,976555,WAV,PCM_16
audio_95.wav,16000,1,45.06,720960,WAV,PCM_16
audio_732.wav,16000,1,60.0746875,961195,WAV,PCM_16
audio_292.wav,16000,1,60.0106875,960171,WAV,PCM_16
audio_469.wav,16000,1,60.0746875,961195,WAV,PCM_16
audio_329.wav,16000,1,60.0746875,961195,WAV,PCM_16
audio_169.wav,16000,1,60.08,961280,WAV,PCM_16
audio_174.wav,16000,1,60.0746875,961195,WAV,PCM_16
audio_513.wav,16000,1,60.0746875,961195,WAV,PCM_16
audio_584.wav,16000,1,60.0746875,961195,WAV,PCM_16
audio_345.wav,16000,1,60.0746875,961195,WAV,PCM_16
audio_750.wav,16000,1,60.0746875,961195,WAV,PCM_16
audio_116.wav,16000,1,45.06,720960,WAV,PCM_16
audio_114.wav,16000,1,45.0,720000,WAV,PCM_16
audio_157.wav,16000,1,61.04,976640,WAV,PCM_16
audio_385.wav,16000,1,60.0746875,961195,WAV,PCM_16
audio_264.wav,16000,1,60.08,961280,WAV,PCM_16
audio_390.wav,16000,1,60.0746875,961195,WAV,PCM_16
audio_766.wav,16000,1,60.0746875,961195,WAV,PCM_16
audio_571.wav,16000,1,49.4506875,791211,WAV,PCM_16
audio_393.wav,16000,1,60.0106875,960171,WAV,PCM_16
audio_691.wav,16000,1,39.2533125,628053,WAV,PCM_16
